profile,apid_hex,type,seq,len_total,mic,sent_bytes
CFDP_META,0x0B3,TC,0,144,,144
HK_TLM_TINY,0x07F,TM,0,70,,70
CFDP_META,0x0B3,TC,1,144,,144
HK_TLM_TINY,0x07F,TM,1,70,,70
CFDP_META,0x0B3,TC,2,144,,144
HK_TLM_TINY,0x07F,TM,2,70,,70
CFDP_META,0x0B3,TC,3,144,,144
HK_TLM_TINY,0x07F,TM,3,70,,70
CFDP_META,0x0B3,TC,4,144,,144
HK_TLM_TINY,0x07F,TM,4,70,,70
CFDP_META,0x0B3,TC,5,144,,144
HK_TLM_TINY,0x07F,TM,5,70,,70
CFDP_META,0x0B3,TC,6,144,,144
HK_TLM_TINY,0x07F,TM,6,70,,70
CFDP_META,0x0B3,TC,7,144,,144
HK_TLM_TINY,0x07F,TM,7,70,,70
CFDP_META,0x0B3,TC,8,144,,144
HK_TLM_TINY,0x07F,TM,8,70,,70
CFDP_META,0x0B3,TC,9,144,,144
HK_TLM_TINY,0x07F,TM,9,70,,70
CFDP_META,0x0B3,TC,10,144,,144
HK_TLM_TINY,0x07F,TM,10,70,,70
CFDP_META,0x0B3,TC,11,144,,144
HK_TLM_TINY,0x07F,TM,11,70,,70
CFDP_META,0x0B3,TC,12,144,,144
HK_TLM_TINY,0x07F,TM,12,70,,70
CFDP_META,0x0B3,TC,13,144,,144
HK_TLM_TINY,0x07F,TM,13,70,,70
CFDP_META,0x0B3,TC,14,144,,144
HK_TLM_TINY,0x07F,TM,14,70,,70
CFDP_META,0x0B3,TC,15,144,,144
HK_TLM_TINY,0x07F,TM,15,70,,70
CFDP_META,0x0B3,TC,16,144,,144
HK_TLM_TINY,0x07F,TM,16,70,,70
CFDP_META,0x0B3,TC,17,144,,144
HK_TLM_TINY,0x07F,TM,17,70,,70
CFDP_META,0x0B3,TC,18,144,,144
HK_TLM_TINY,0x07F,TM,18,70,,70
CFDP_META,0x0B3,TC,19,144,,144
HK_TLM_TINY,0x07F,TM,19,70,,70
CFDP_META,0x0B3,TC,20,144,,144
HK_TLM_TINY,0x07F,TM,20,70,,70
CFDP_META,0x0B3,TC,21,144,,144
HK_TLM_TINY,0x07F,TM,21,70,,70
CFDP_META,0x0B3,TC,22,144,,144
HK_TLM_TINY,0x07F,TM,22,70,,70
CFDP_META,0x0B3,TC,23,144,,144
HK_TLM_TINY,0x07F,TM,23,70,,70
CFDP_META,0x0B3,TC,24,144,,144
HK_TLM_TINY,0x07F,TM,24,70,,70
CFDP_META,0x0B3,TC,25,144,,144
HK_TLM_TINY,0x07F,TM,25,70,,70
CFDP_META,0x0B3,TC,26,144,,144
HK_TLM_TINY,0x07F,TM,26,70,,70
CFDP_META,0x0B3,TC,27,144,,144
HK_TLM_TINY,0x07F,TM,27,70,,70
CFDP_META,0x0B3,TC,28,144,,144
HK_TLM_TINY,0x07F,TM,28,70,,70
CFDP_META,0x0B3,TC,29,144,,144
HK_TLM_TINY,0x07F,TM,29,70,,70
CFDP_META,0x0B3,TC,30,144,,144
HK_TLM_TINY,0x07F,TM,30,70,,70
CFDP_META,0x0B3,TC,31,144,,144
HK_TLM_TINY,0x07F,TM,31,70,,70
CFDP_META,0x0B3,TC,32,144,,144
HK_TLM_TINY,0x07F,TM,32,70,,70
CFDP_META,0x0B3,TC,33,144,,144
HK_TLM_TINY,0x07F,TM,33,70,,70
CFDP_META,0x0B3,TC,34,144,,144
HK_TLM_TINY,0x07F,TM,34,70,,70
CFDP_META,0x0B3,TC,35,144,,144
HK_TLM_TINY,0x07F,TM,35,70,,70
CFDP_META,0x0B3,TC,36,144,,144
HK_TLM_TINY,0x07F,TM,36,70,,70
CFDP_META,0x0B3,TC,37,144,,144
HK_TLM_TINY,0x07F,TM,37,70,,70
CFDP_META,0x0B3,TC,38,144,,144
HK_TLM_TINY,0x07F,TM,38,70,,70
CFDP_META,0x0B3,TC,39,144,,144
HK_TLM_TINY,0x07F,TM,39,70,,70
CFDP_META,0x0B3,TC,40,144,,144
HK_TLM_TINY,0x07F,TM,40,70,,70
CFDP_META,0x0B3,TC,41,144,,144
HK_TLM_TINY,0x07F,TM,41,70,,70
CFDP_META,0x0B3,TC,42,144,,144
HK_TLM_TINY,0x07F,TM,42,70,,70
CFDP_META,0x0B3,TC,43,144,,144
HK_TLM_TINY,0x07F,TM,43,70,,70
CFDP_META,0x0B3,TC,44,144,,144
HK_TLM_TINY,0x07F,TM,44,70,,70
CFDP_META,0x0B3,TC,45,144,,144
HK_TLM_TINY,0x07F,TM,45,70,,70
CFDP_META,0x0B3,TC,46,144,,144
HK_TLM_TINY,0x07F,TM,46,70,,70
CFDP_META,0x0B3,TC,47,144,,144
HK_TLM_TINY,0x07F,TM,47,70,,70
CFDP_META,0x0B3,TC,48,144,,144
HK_TLM_TINY,0x07F,TM,48,70,,70
CFDP_META,0x0B3,TC,49,144,,144
HK_TLM_TINY,0x07F,TM,49,70,,70
CFDP_META,0x0B3,TC,50,144,,144
HK_TLM_TINY,0x07F,TM,50,70,,70
CFDP_META,0x0B3,TC,51,144,,144
HK_TLM_TINY,0x07F,TM,51,70,,70
CFDP_META,0x0B3,TC,52,144,,144
HK_TLM_TINY,0x07F,TM,52,70,,70
CFDP_META,0x0B3,TC,53,144,,144
HK_TLM_TINY,0x07F,TM,53,70,,70
CFDP_META,0x0B3,TC,54,144,,144
HK_TLM_TINY,0x07F,TM,54,70,,70
CFDP_META,0x0B3,TC,55,144,,144
HK_TLM_TINY,0x07F,TM,55,70,,70
CFDP_META,0x0B3,TC,56,144,,144
HK_TLM_TINY,0x07F,TM,56,70,,70
CFDP_META,0x0B3,TC,57,144,,144
HK_TLM_TINY,0x07F,TM,57,70,,70
CFDP_META,0x0B3,TC,58,144,,144
HK_TLM_TINY,0x07F,TM,58,70,,70
CFDP_META,0x0B3,TC,59,144,,144
HK_TLM_TINY,0x07F,TM,59,70,,70
CFDP_META,0x0B3,TC,60,144,,144
HK_TLM_TINY,0x07F,TM,60,70,,70
CFDP_META,0x0B3,TC,61,144,,144
HK_TLM_TINY,0x07F,TM,61,70,,70
CFDP_META,0x0B3,TC,62,144,,144
HK_TLM_TINY,0x07F,TM,62,70,,70
CFDP_META,0x0B3,TC,63,144,,144
HK_TLM_TINY,0x07F,TM,63,70,,70
CFDP_META,0x0B3,TC,64,144,,144
HK_TLM_TINY,0x07F,TM,64,70,,70
CFDP_META,0x0B3,TC,65,144,,144
HK_TLM_TINY,0x07F,TM,65,70,,70
CFDP_META,0x0B3,TC,66,144,,144
HK_TLM_TINY,0x07F,TM,66,70,,70
CFDP_META,0x0B3,TC,67,144,,144
HK_TLM_TINY,0x07F,TM,67,70,,70
CFDP_META,0x0B3,TC,68,144,,144
HK_TLM_TINY,0x07F,TM,68,70,,70
CFDP_META,0x0B3,TC,69,144,,144
HK_TLM_TINY,0x07F,TM,69,70,,70
CFDP_META,0x0B3,TC,70,144,,144
HK_TLM_TINY,0x07F,TM,70,70,,70
CFDP_META,0x0B3,TC,71,144,,144
HK_TLM_TINY,0x07F,TM,71,70,,70
CFDP_META,0x0B3,TC,72,144,,144
HK_TLM_TINY,0x07F,TM,72,70,,70
CFDP_META,0x0B3,TC,73,144,,144
HK_TLM_TINY,0x07F,TM,73,70,,70
CFDP_META,0x0B3,TC,74,144,,144
HK_TLM_TINY,0x07F,TM,74,70,,70
CFDP_META,0x0B3,TC,75,144,,144
HK_TLM_TINY,0x07F,TM,75,70,,70
CFDP_META,0x0B3,TC,76,144,,144
HK_TLM_TINY,0x07F,TM,76,70,,70
CFDP_META,0x0B3,TC,77,144,,144
HK_TLM_TINY,0x07F,TM,77,70,,70
CFDP_META,0x0B3,TC,78,144,,144
HK_TLM_TINY,0x07F,TM,78,70,,70
CFDP_META,0x0B3,TC,79,144,,144
HK_TLM_TINY,0x07F,TM,79,70,,70
CFDP_META,0x0B3,TC,80,144,,144
HK_TLM_TINY,0x07F,TM,80,70,,70
CFDP_META,0x0B3,TC,81,144,,144
HK_TLM_TINY,0x07F,TM,81,70,,70
CFDP_META,0x0B3,TC,82,144,,144
HK_TLM_TINY,0x07F,TM,82,70,,70
CFDP_META,0x0B3,TC,83,144,,144
HK_TLM_TINY,0x07F,TM,83,70,,70
CFDP_META,0x0B3,TC,84,144,,144
HK_TLM_TINY,0x07F,TM,84,70,,70
CFDP_META,0x0B3,TC,85,144,,144
HK_TLM_TINY,0x07F,TM,85,70,,70
CFDP_META,0x0B3,TC,86,144,,144
HK_TLM_TINY,0x07F,TM,86,70,,70
CFDP_META,0x0B3,TC,87,144,,144
HK_TLM_TINY,0x07F,TM,87,70,,70
CFDP_META,0x0B3,TC,88,144,,144
HK_TLM_TINY,0x07F,TM,88,70,,70
CFDP_META,0x0B3,TC,89,144,,144
HK_TLM_TINY,0x07F,TM,89,70,,70
CFDP_META,0x0B3,TC,90,144,,144
HK_TLM_TINY,0x07F,TM,90,70,,70
CFDP_META,0x0B3,TC,91,144,,144
HK_TLM_TINY,0x07F,TM,91,70,,70
CFDP_META,0x0B3,TC,92,144,,144
HK_TLM_TINY,0x07F,TM,92,70,,70
CFDP_META,0x0B3,TC,93,144,,144
HK_TLM_TINY,0x07F,TM,93,70,,70
CFDP_META,0x0B3,TC,94,144,,144
HK_TLM_TINY,0x07F,TM,94,70,,70
CFDP_META,0x0B3,TC,95,144,,144
HK_TLM_TINY,0x07F,TM,95,70,,70
CFDP_META,0x0B3,TC,96,144,,144
HK_TLM_TINY,0x07F,TM,96,70,,70
CFDP_META,0x0B3,TC,97,144,,144
HK_TLM_TINY,0x07F,TM,97,70,,70
CFDP_META,0x0B3,TC,98,144,,144
HK_TLM_TINY,0x07F,TM,98,70,,70
CFDP_META,0x0B3,TC,99,144,,144
HK_TLM_TINY,0x07F,TM,99,70,,70
CFDP_META,0x0B3,TC,100,144,,144
HK_TLM_TINY,0x07F,TM,100,70,,70
CFDP_META,0x0B3,TC,101,144,,144
HK_TLM_TINY,0x07F,TM,101,70,,70
CFDP_META,0x0B3,TC,102,144,,144
HK_TLM_TINY,0x07F,TM,102,70,,70
CFDP_META,0x0B3,TC,103,144,,144
HK_TLM_TINY,0x07F,TM,103,70,,70
CFDP_META,0x0B3,TC,104,144,,144
HK_TLM_TINY,0x07F,TM,104,70,,70
CFDP_META,0x0B3,TC,105,144,,144
HK_TLM_TINY,0x07F,TM,105,70,,70
CFDP_META,0x0B3,TC,106,144,,144
HK_TLM_TINY,0x07F,TM,106,70,,70
CFDP_META,0x0B3,TC,107,144,,144
HK_TLM_TINY,0x07F,TM,107,70,,70
CFDP_META,0x0B3,TC,108,144,,144
HK_TLM_TINY,0x07F,TM,108,70,,70
CFDP_META,0x0B3,TC,109,144,,144
HK_TLM_TINY,0x07F,TM,109,70,,70
CFDP_META,0x0B3,TC,110,144,,144
HK_TLM_TINY,0x07F,TM,110,70,,70
CFDP_META,0x0B3,TC,111,144,,144
HK_TLM_TINY,0x07F,TM,111,70,,70
CFDP_META,0x0B3,TC,112,144,,144
HK_TLM_TINY,0x07F,TM,112,70,,70
CFDP_META,0x0B3,TC,113,144,,144
HK_TLM_TINY,0x07F,TM,113,70,,70
CFDP_META,0x0B3,TC,114,144,,144
HK_TLM_TINY,0x07F,TM,114,70,,70
CFDP_META,0x0B3,TC,115,144,,144
HK_TLM_TINY,0x07F,TM,115,70,,70
CFDP_META,0x0B3,TC,116,144,,144
HK_TLM_TINY,0x07F,TM,116,70,,70
CFDP_META,0x0B3,TC,117,144,,144
HK_TLM_TINY,0x07F,TM,117,70,,70
CFDP_META,0x0B3,TC,118,144,,144
HK_TLM_TINY,0x07F,TM,118,70,,70
CFDP_META,0x0B3,TC,119,144,,144
HK_TLM_TINY,0x07F,TM,119,70,,70
CFDP_META,0x0B3,TC,120,144,,144
HK_TLM_TINY,0x07F,TM,120,70,,70
CFDP_META,0x0B3,TC,121,144,,144
HK_TLM_TINY,0x07F,TM,121,70,,70
CFDP_META,0x0B3,TC,122,144,,144
HK_TLM_TINY,0x07F,TM,122,70,,70
CFDP_META,0x0B3,TC,123,144,,144
HK_TLM_TINY,0x07F,TM,123,70,,70
CFDP_META,0x0B3,TC,124,144,,144
HK_TLM_TINY,0x07F,TM,124,70,,70
CFDP_META,0x0B3,TC,125,144,,144
HK_TLM_TINY,0x07F,TM,125,70,,70
CFDP_META,0x0B3,TC,126,144,,144
HK_TLM_TINY,0x07F,TM,126,70,,70
CFDP_META,0x0B3,TC,127,144,,144
HK_TLM_TINY,0x07F,TM,127,70,,70
CFDP_META,0x0B3,TC,128,144,,144
HK_TLM_TINY,0x07F,TM,128,70,,70
CFDP_META,0x0B3,TC,129,144,,144
HK_TLM_TINY,0x07F,TM,129,70,,70
CFDP_META,0x0B3,TC,130,144,,144
HK_TLM_TINY,0x07F,TM,130,70,,70
CFDP_META,0x0B3,TC,131,144,,144
HK_TLM_TINY,0x07F,TM,131,70,,70
CFDP_META,0x0B3,TC,132,144,,144
HK_TLM_TINY,0x07F,TM,132,70,,70
CFDP_META,0x0B3,TC,133,144,,144
HK_TLM_TINY,0x07F,TM,133,70,,70
CFDP_META,0x0B3,TC,134,144,,144
HK_TLM_TINY,0x07F,TM,134,70,,70
CFDP_META,0x0B3,TC,135,144,,144
HK_TLM_TINY,0x07F,TM,135,70,,70
CFDP_META,0x0B3,TC,136,144,,144
HK_TLM_TINY,0x07F,TM,136,70,,70
CFDP_META,0x0B3,TC,137,144,,144
HK_TLM_TINY,0x07F,TM,137,70,,70
CFDP_META,0x0B3,TC,138,144,,144
HK_TLM_TINY,0x07F,TM,138,70,,70
CFDP_META,0x0B3,TC,139,144,,144
HK_TLM_TINY,0x07F,TM,139,70,,70
CFDP_META,0x0B3,TC,140,144,,144
HK_TLM_TINY,0x07F,TM,140,70,,70
CFDP_META,0x0B3,TC,141,144,,144
HK_TLM_TINY,0x07F,TM,141,70,,70
CFDP_META,0x0B3,TC,142,144,,144
HK_TLM_TINY,0x07F,TM,142,70,,70
CFDP_META,0x0B3,TC,143,144,,144
HK_TLM_TINY,0x07F,TM,143,70,,70
CFDP_META,0x0B3,TC,144,144,,144
HK_TLM_TINY,0x07F,TM,144,70,,70
CFDP_META,0x0B3,TC,145,144,,144
HK_TLM_TINY,0x07F,TM,145,70,,70
CFDP_META,0x0B3,TC,146,144,,144
HK_TLM_TINY,0x07F,TM,146,70,,70
CFDP_META,0x0B3,TC,147,144,,144
HK_TLM_TINY,0x07F,TM,147,70,,70
CFDP_META,0x0B3,TC,148,144,,144
HK_TLM_TINY,0x07F,TM,148,70,,70
CFDP_META,0x0B3,TC,149,144,,144
HK_TLM_TINY,0x07F,TM,149,70,,70
CFDP_META,0x0B3,TC,150,144,,144
HK_TLM_TINY,0x07F,TM,150,70,,70
CFDP_META,0x0B3,TC,151,144,,144
HK_TLM_TINY,0x07F,TM,151,70,,70
CFDP_META,0x0B3,TC,152,144,,144
HK_TLM_TINY,0x07F,TM,152,70,,70
CFDP_META,0x0B3,TC,153,144,,144
HK_TLM_TINY,0x07F,TM,153,70,,70
CFDP_META,0x0B3,TC,154,144,,144
HK_TLM_TINY,0x07F,TM,154,70,,70
CFDP_META,0x0B3,TC,155,144,,144
HK_TLM_TINY,0x07F,TM,155,70,,70
CFDP_META,0x0B3,TC,156,144,,144
HK_TLM_TINY,0x07F,TM,156,70,,70
CFDP_META,0x0B3,TC,157,144,,144
HK_TLM_TINY,0x07F,TM,157,70,,70
CFDP_META,0x0B3,TC,158,144,,144
HK_TLM_TINY,0x07F,TM,158,70,,70
CFDP_META,0x0B3,TC,159,144,,144
HK_TLM_TINY,0x07F,TM,159,70,,70
CFDP_META,0x0B3,TC,160,144,,144
HK_TLM_TINY,0x07F,TM,160,70,,70
CFDP_META,0x0B3,TC,161,144,,144
HK_TLM_TINY,0x07F,TM,161,70,,70
CFDP_META,0x0B3,TC,162,144,,144
HK_TLM_TINY,0x07F,TM,162,70,,70
CFDP_META,0x0B3,TC,163,144,,144
HK_TLM_TINY,0x07F,TM,163,70,,70
CFDP_META,0x0B3,TC,164,144,,144
HK_TLM_TINY,0x07F,TM,164,70,,70
CFDP_META,0x0B3,TC,165,144,,144
HK_TLM_TINY,0x07F,TM,165,70,,70
CFDP_META,0x0B3,TC,166,144,,144
HK_TLM_TINY,0x07F,TM,166,70,,70
CFDP_META,0x0B3,TC,167,144,,144
HK_TLM_TINY,0x07F,TM,167,70,,70
CFDP_META,0x0B3,TC,168,144,,144
HK_TLM_TINY,0x07F,TM,168,70,,70
CFDP_META,0x0B3,TC,169,144,,144
HK_TLM_TINY,0x07F,TM,169,70,,70
CFDP_META,0x0B3,TC,170,144,,144
HK_TLM_TINY,0x07F,TM,170,70,,70
CFDP_META,0x0B3,TC,171,144,,144
HK_TLM_TINY,0x07F,TM,171,70,,70
CFDP_META,0x0B3,TC,172,144,,144
HK_TLM_TINY,0x07F,TM,172,70,,70
CFDP_META,0x0B3,TC,173,144,,144
HK_TLM_TINY,0x07F,TM,173,70,,70
CFDP_META,0x0B3,TC,174,144,,144
HK_TLM_TINY,0x07F,TM,174,70,,70
CFDP_META,0x0B3,TC,175,144,,144
HK_TLM_TINY,0x07F,TM,175,70,,70
CFDP_META,0x0B3,TC,176,144,,144
HK_TLM_TINY,0x07F,TM,176,70,,70
CFDP_META,0x0B3,TC,177,144,,144
HK_TLM_TINY,0x07F,TM,177,70,,70
CFDP_META,0x0B3,TC,178,144,,144
HK_TLM_TINY,0x07F,TM,178,70,,70
CFDP_META,0x0B3,TC,179,144,,144
HK_TLM_TINY,0x07F,TM,179,70,,70
CFDP_META,0x0B3,TC,180,144,,144
HK_TLM_TINY,0x07F,TM,180,70,,70
CFDP_META,0x0B3,TC,181,144,,144
HK_TLM_TINY,0x07F,TM,181,70,,70
CFDP_META,0x0B3,TC,182,144,,144
HK_TLM_TINY,0x07F,TM,182,70,,70
CFDP_META,0x0B3,TC,183,144,,144
HK_TLM_TINY,0x07F,TM,183,70,,70
CFDP_META,0x0B3,TC,184,144,,144
HK_TLM_TINY,0x07F,TM,184,70,,70
CFDP_META,0x0B3,TC,185,144,,144
HK_TLM_TINY,0x07F,TM,185,70,,70
CFDP_META,0x0B3,TC,186,144,,144
HK_TLM_TINY,0x07F,TM,186,70,,70
CFDP_META,0x0B3,TC,187,144,,144
HK_TLM_TINY,0x07F,TM,187,70,,70
CFDP_META,0x0B3,TC,188,144,,144
HK_TLM_TINY,0x07F,TM,188,70,,70
CFDP_META,0x0B3,TC,189,144,,144
HK_TLM_TINY,0x07F,TM,189,70,,70
CFDP_META,0x0B3,TC,190,144,,144
HK_TLM_TINY,0x07F,TM,190,70,,70
CFDP_META,0x0B3,TC,191,144,,144
HK_TLM_TINY,0x07F,TM,191,70,,70
CFDP_META,0x0B3,TC,192,144,,144
HK_TLM_TINY,0x07F,TM,192,70,,70
CFDP_META,0x0B3,TC,193,144,,144
HK_TLM_TINY,0x07F,TM,193,70,,70
CFDP_META,0x0B3,TC,194,144,,144
HK_TLM_TINY,0x07F,TM,194,70,,70
CFDP_META,0x0B3,TC,195,144,,144
HK_TLM_TINY,0x07F,TM,195,70,,70
CFDP_META,0x0B3,TC,196,144,,144
HK_TLM_TINY,0x07F,TM,196,70,,70
CFDP_META,0x0B3,TC,197,144,,144
HK_TLM_TINY,0x07F,TM,197,70,,70
CFDP_META,0x0B3,TC,198,144,,144
HK_TLM_TINY,0x07F,TM,198,70,,70
CFDP_META,0x0B3,TC,199,144,,144
HK_TLM_TINY,0x07F,TM,199,70,,70
CFDP_META,0x0B3,TC,200,144,,144
HK_TLM_TINY,0x07F,TM,200,70,,70
CFDP_META,0x0B3,TC,201,144,,144
HK_TLM_TINY,0x07F,TM,201,70,,70
CFDP_META,0x0B3,TC,202,144,,144
HK_TLM_TINY,0x07F,TM,202,70,,70
CFDP_META,0x0B3,TC,203,144,,144
HK_TLM_TINY,0x07F,TM,203,70,,70
CFDP_META,0x0B3,TC,204,144,,144
HK_TLM_TINY,0x07F,TM,204,70,,70
CFDP_META,0x0B3,TC,205,144,,144
HK_TLM_TINY,0x07F,TM,205,70,,70
CFDP_META,0x0B3,TC,206,144,,144
HK_TLM_TINY,0x07F,TM,206,70,,70
CFDP_META,0x0B3,TC,207,144,,144
HK_TLM_TINY,0x07F,TM,207,70,,70
CFDP_META,0x0B3,TC,208,144,,144
HK_TLM_TINY,0x07F,TM,208,70,,70
CFDP_META,0x0B3,TC,209,144,,144
HK_TLM_TINY,0x07F,TM,209,70,,70
CFDP_META,0x0B3,TC,210,144,,144
HK_TLM_TINY,0x07F,TM,210,70,,70
CFDP_META,0x0B3,TC,211,144,,144
HK_TLM_TINY,0x07F,TM,211,70,,70
CFDP_META,0x0B3,TC,212,144,,144
HK_TLM_TINY,0x07F,TM,212,70,,70
CFDP_META,0x0B3,TC,213,144,,144
HK_TLM_TINY,0x07F,TM,213,70,,70
CFDP_META,0x0B3,TC,214,144,,144
HK_TLM_TINY,0x07F,TM,214,70,,70
CFDP_META,0x0B3,TC,215,144,,144
HK_TLM_TINY,0x07F,TM,215,70,,70
CFDP_META,0x0B3,TC,216,144,,144
HK_TLM_TINY,0x07F,TM,216,70,,70
CFDP_META,0x0B3,TC,217,144,,144
HK_TLM_TINY,0x07F,TM,217,70,,70
CFDP_META,0x0B3,TC,218,144,,144
HK_TLM_TINY,0x07F,TM,218,70,,70
CFDP_META,0x0B3,TC,219,144,,144
HK_TLM_TINY,0x07F,TM,219,70,,70
CFDP_META,0x0B3,TC,220,144,,144
HK_TLM_TINY,0x07F,TM,220,70,,70
CFDP_META,0x0B3,TC,221,144,,144
HK_TLM_TINY,0x07F,TM,221,70,,70
CFDP_META,0x0B3,TC,222,144,,144
HK_TLM_TINY,0x07F,TM,222,70,,70
CFDP_META,0x0B3,TC,223,144,,144
HK_TLM_TINY,0x07F,TM,223,70,,70
CFDP_META,0x0B3,TC,224,144,,144
HK_TLM_TINY,0x07F,TM,224,70,,70
CFDP_META,0x0B3,TC,225,144,,144
HK_TLM_TINY,0x07F,TM,225,70,,70
CFDP_META,0x0B3,TC,226,144,,144
HK_TLM_TINY,0x07F,TM,226,70,,70
CFDP_META,0x0B3,TC,227,144,,144
HK_TLM_TINY,0x07F,TM,227,70,,70
CFDP_META,0x0B3,TC,228,144,,144
HK_TLM_TINY,0x07F,TM,228,70,,70
CFDP_META,0x0B3,TC,229,144,,144
HK_TLM_TINY,0x07F,TM,229,70,,70
CFDP_META,0x0B3,TC,230,144,,144
HK_TLM_TINY,0x07F,TM,230,70,,70
CFDP_META,0x0B3,TC,231,144,,144
HK_TLM_TINY,0x07F,TM,231,70,,70
CFDP_META,0x0B3,TC,232,144,,144
HK_TLM_TINY,0x07F,TM,232,70,,70
CFDP_META,0x0B3,TC,233,144,,144
HK_TLM_TINY,0x07F,TM,233,70,,70
CFDP_META,0x0B3,TC,234,144,,144
HK_TLM_TINY,0x07F,TM,234,70,,70
CFDP_META,0x0B3,TC,235,144,,144
HK_TLM_TINY,0x07F,TM,235,70,,70
CFDP_META,0x0B3,TC,236,144,,144
HK_TLM_TINY,0x07F,TM,236,70,,70
CFDP_META,0x0B3,TC,237,144,,144
HK_TLM_TINY,0x07F,TM,237,70,,70
CFDP_META,0x0B3,TC,238,144,,144
HK_TLM_TINY,0x07F,TM,238,70,,70
CFDP_META,0x0B3,TC,239,144,,144
HK_TLM_TINY,0x07F,TM,239,70,,70
CFDP_META,0x0B3,TC,240,144,,144
HK_TLM_TINY,0x07F,TM,240,70,,70
CFDP_META,0x0B3,TC,241,144,,144
HK_TLM_TINY,0x07F,TM,241,70,,70
CFDP_META,0x0B3,TC,242,144,,144
HK_TLM_TINY,0x07F,TM,242,70,,70
CFDP_META,0x0B3,TC,243,144,,144
HK_TLM_TINY,0x07F,TM,243,70,,70
CFDP_META,0x0B3,TC,244,144,,144
HK_TLM_TINY,0x07F,TM,244,70,,70
CFDP_META,0x0B3,TC,245,144,,144
HK_TLM_TINY,0x07F,TM,245,70,,70
CFDP_META,0x0B3,TC,246,144,,144
HK_TLM_TINY,0x07F,TM,246,70,,70
CFDP_META,0x0B3,TC,247,144,,144
HK_TLM_TINY,0x07F,TM,247,70,,70
CFDP_META,0x0B3,TC,248,144,,144
HK_TLM_TINY,0x07F,TM,248,70,,70
CFDP_META,0x0B3,TC,249,144,,144
HK_TLM_TINY,0x07F,TM,249,70,,70
CFDP_META,0x0B3,TC,250,144,,144
HK_TLM_TINY,0x07F,TM,250,70,,70
CFDP_META,0x0B3,TC,251,144,,144
HK_TLM_TINY,0x07F,TM,251,70,,70
CFDP_META,0x0B3,TC,252,144,,144
HK_TLM_TINY,0x07F,TM,252,70,,70
CFDP_META,0x0B3,TC,253,144,,144
HK_TLM_TINY,0x07F,TM,253,70,,70
CFDP_META,0x0B3,TC,254,144,,144
HK_TLM_TINY,0x07F,TM,254,70,,70
CFDP_META,0x0B3,TC,255,144,,144
HK_TLM_TINY,0x07F,TM,255,70,,70
CFDP_META,0x0B3,TC,256,144,,144
HK_TLM_TINY,0x07F,TM,256,70,,70
CFDP_META,0x0B3,TC,257,144,,144
HK_TLM_TINY,0x07F,TM,257,70,,70
CFDP_META,0x0B3,TC,258,144,,144
HK_TLM_TINY,0x07F,TM,258,70,,70
CFDP_META,0x0B3,TC,259,144,,144
HK_TLM_TINY,0x07F,TM,259,70,,70
CFDP_META,0x0B3,TC,260,144,,144
HK_TLM_TINY,0x07F,TM,260,70,,70
CFDP_META,0x0B3,TC,261,144,,144
HK_TLM_TINY,0x07F,TM,261,70,,70
CFDP_META,0x0B3,TC,262,144,,144
HK_TLM_TINY,0x07F,TM,262,70,,70
CFDP_META,0x0B3,TC,263,144,,144
HK_TLM_TINY,0x07F,TM,263,70,,70
CFDP_META,0x0B3,TC,264,144,,144
HK_TLM_TINY,0x07F,TM,264,70,,70
CFDP_META,0x0B3,TC,265,144,,144
HK_TLM_TINY,0x07F,TM,265,70,,70
CFDP_META,0x0B3,TC,266,144,,144
HK_TLM_TINY,0x07F,TM,266,70,,70
CFDP_META,0x0B3,TC,267,144,,144
HK_TLM_TINY,0x07F,TM,267,70,,70
CFDP_META,0x0B3,TC,268,144,,144
HK_TLM_TINY,0x07F,TM,268,70,,70
CFDP_META,0x0B3,TC,269,144,,144
HK_TLM_TINY,0x07F,TM,269,70,,70
CFDP_META,0x0B3,TC,270,144,,144
HK_TLM_TINY,0x07F,TM,270,70,,70
CFDP_META,0x0B3,TC,271,144,,144
HK_TLM_TINY,0x07F,TM,271,70,,70
CFDP_META,0x0B3,TC,272,144,,144
HK_TLM_TINY,0x07F,TM,272,70,,70
CFDP_META,0x0B3,TC,273,144,,144
HK_TLM_TINY,0x07F,TM,273,70,,70
CFDP_META,0x0B3,TC,274,144,,144
HK_TLM_TINY,0x07F,TM,274,70,,70
CFDP_META,0x0B3,TC,275,144,,144
HK_TLM_TINY,0x07F,TM,275,70,,70
CFDP_META,0x0B3,TC,276,144,,144
HK_TLM_TINY,0x07F,TM,276,70,,70
CFDP_META,0x0B3,TC,277,144,,144
HK_TLM_TINY,0x07F,TM,277,70,,70
CFDP_META,0x0B3,TC,278,144,,144
HK_TLM_TINY,0x07F,TM,278,70,,70
CFDP_META,0x0B3,TC,279,144,,144
HK_TLM_TINY,0x07F,TM,279,70,,70
CFDP_META,0x0B3,TC,280,144,,144
HK_TLM_TINY,0x07F,TM,280,70,,70
CFDP_META,0x0B3,TC,281,144,,144
HK_TLM_TINY,0x07F,TM,281,70,,70
CFDP_META,0x0B3,TC,282,144,,144
HK_TLM_TINY,0x07F,TM,282,70,,70
CFDP_META,0x0B3,TC,283,144,,144
HK_TLM_TINY,0x07F,TM,283,70,,70
CFDP_META,0x0B3,TC,284,144,,144
HK_TLM_TINY,0x07F,TM,284,70,,70
CFDP_META,0x0B3,TC,285,144,,144
HK_TLM_TINY,0x07F,TM,285,70,,70
CFDP_META,0x0B3,TC,286,144,,144
HK_TLM_TINY,0x07F,TM,286,70,,70
CFDP_META,0x0B3,TC,287,144,,144
HK_TLM_TINY,0x07F,TM,287,70,,70
CFDP_META,0x0B3,TC,288,144,,144
HK_TLM_TINY,0x07F,TM,288,70,,70
CFDP_META,0x0B3,TC,289,144,,144
HK_TLM_TINY,0x07F,TM,289,70,,70
CFDP_META,0x0B3,TC,290,144,,144
HK_TLM_TINY,0x07F,TM,290,70,,70
CFDP_META,0x0B3,TC,291,144,,144
HK_TLM_TINY,0x07F,TM,291,70,,70
CFDP_META,0x0B3,TC,292,144,,144
HK_TLM_TINY,0x07F,TM,292,70,,70
CFDP_META,0x0B3,TC,293,144,,144
HK_TLM_TINY,0x07F,TM,293,70,,70
CFDP_META,0x0B3,TC,294,144,,144
HK_TLM_TINY,0x07F,TM,294,70,,70
CFDP_META,0x0B3,TC,295,144,,144
HK_TLM_TINY,0x07F,TM,295,70,,70
CFDP_META,0x0B3,TC,296,144,,144
HK_TLM_TINY,0x07F,TM,296,70,,70
CFDP_META,0x0B3,TC,297,144,,144
HK_TLM_TINY,0x07F,TM,297,70,,70
CFDP_META,0x0B3,TC,298,144,,144
HK_TLM_TINY,0x07F,TM,298,70,,70
CFDP_META,0x0B3,TC,299,144,,144
HK_TLM_TINY,0x07F,TM,299,70,,70
CFDP_META,0x0B3,TC,300,144,,144
HK_TLM_TINY,0x07F,TM,300,70,,70
CFDP_META,0x0B3,TC,301,144,,144
HK_TLM_TINY,0x07F,TM,301,70,,70
CFDP_META,0x0B3,TC,302,144,,144
HK_TLM_TINY,0x07F,TM,302,70,,70
CFDP_META,0x0B3,TC,303,144,,144
HK_TLM_TINY,0x07F,TM,303,70,,70
CFDP_META,0x0B3,TC,304,144,,144
HK_TLM_TINY,0x07F,TM,304,70,,70
CFDP_META,0x0B3,TC,305,144,,144
HK_TLM_TINY,0x07F,TM,305,70,,70
CFDP_META,0x0B3,TC,306,144,,144
HK_TLM_TINY,0x07F,TM,306,70,,70
CFDP_META,0x0B3,TC,307,144,,144
HK_TLM_TINY,0x07F,TM,307,70,,70
CFDP_META,0x0B3,TC,308,144,,144
HK_TLM_TINY,0x07F,TM,308,70,,70
CFDP_META,0x0B3,TC,309,144,,144
HK_TLM_TINY,0x07F,TM,309,70,,70
CFDP_META,0x0B3,TC,310,144,,144
HK_TLM_TINY,0x07F,TM,310,70,,70
CFDP_META,0x0B3,TC,311,144,,144
HK_TLM_TINY,0x07F,TM,311,70,,70
CFDP_META,0x0B3,TC,312,144,,144
HK_TLM_TINY,0x07F,TM,312,70,,70
CFDP_META,0x0B3,TC,313,144,,144
HK_TLM_TINY,0x07F,TM,313,70,,70
CFDP_META,0x0B3,TC,314,144,,144
HK_TLM_TINY,0x07F,TM,314,70,,70
CFDP_META,0x0B3,TC,315,144,,144
HK_TLM_TINY,0x07F,TM,315,70,,70
CFDP_META,0x0B3,TC,316,144,,144
HK_TLM_TINY,0x07F,TM,316,70,,70
CFDP_META,0x0B3,TC,317,144,,144
HK_TLM_TINY,0x07F,TM,317,70,,70
CFDP_META,0x0B3,TC,318,144,,144
HK_TLM_TINY,0x07F,TM,318,70,,70
CFDP_META,0x0B3,TC,319,144,,144
HK_TLM_TINY,0x07F,TM,319,70,,70
CFDP_META,0x0B3,TC,320,144,,144
HK_TLM_TINY,0x07F,TM,320,70,,70
CFDP_META,0x0B3,TC,321,144,,144
HK_TLM_TINY,0x07F,TM,321,70,,70
CFDP_META,0x0B3,TC,322,144,,144
HK_TLM_TINY,0x07F,TM,322,70,,70
CFDP_META,0x0B3,TC,323,144,,144
HK_TLM_TINY,0x07F,TM,323,70,,70
CFDP_META,0x0B3,TC,324,144,,144
HK_TLM_TINY,0x07F,TM,324,70,,70
CFDP_META,0x0B3,TC,325,144,,144
HK_TLM_TINY,0x07F,TM,325,70,,70
CFDP_META,0x0B3,TC,326,144,,144
HK_TLM_TINY,0x07F,TM,326,70,,70
CFDP_META,0x0B3,TC,327,144,,144
HK_TLM_TINY,0x07F,TM,327,70,,70
CFDP_META,0x0B3,TC,328,144,,144
HK_TLM_TINY,0x07F,TM,328,70,,70
CFDP_META,0x0B3,TC,329,144,,144
HK_TLM_TINY,0x07F,TM,329,70,,70
CFDP_META,0x0B3,TC,330,144,,144
HK_TLM_TINY,0x07F,TM,330,70,,70
CFDP_META,0x0B3,TC,331,144,,144
HK_TLM_TINY,0x07F,TM,331,70,,70
CFDP_META,0x0B3,TC,332,144,,144
HK_TLM_TINY,0x07F,TM,332,70,,70
CFDP_META,0x0B3,TC,333,144,,144
HK_TLM_TINY,0x07F,TM,333,70,,70
CFDP_META,0x0B3,TC,334,144,,144
HK_TLM_TINY,0x07F,TM,334,70,,70
CFDP_META,0x0B3,TC,335,144,,144
HK_TLM_TINY,0x07F,TM,335,70,,70
CFDP_META,0x0B3,TC,336,144,,144
HK_TLM_TINY,0x07F,TM,336,70,,70
CFDP_META,0x0B3,TC,337,144,,144
HK_TLM_TINY,0x07F,TM,337,70,,70
CFDP_META,0x0B3,TC,338,144,,144
HK_TLM_TINY,0x07F,TM,338,70,,70
CFDP_META,0x0B3,TC,339,144,,144
HK_TLM_TINY,0x07F,TM,339,70,,70
CFDP_META,0x0B3,TC,340,144,,144
HK_TLM_TINY,0x07F,TM,340,70,,70
CFDP_META,0x0B3,TC,341,144,,144
HK_TLM_TINY,0x07F,TM,341,70,,70
CFDP_META,0x0B3,TC,342,144,,144
HK_TLM_TINY,0x07F,TM,342,70,,70
CFDP_META,0x0B3,TC,343,144,,144
HK_TLM_TINY,0x07F,TM,343,70,,70
CFDP_META,0x0B3,TC,344,144,,144
HK_TLM_TINY,0x07F,TM,344,70,,70
CFDP_META,0x0B3,TC,345,144,,144
HK_TLM_TINY,0x07F,TM,345,70,,70
CFDP_META,0x0B3,TC,346,144,,144
HK_TLM_TINY,0x07F,TM,346,70,,70
CFDP_META,0x0B3,TC,347,144,,144
HK_TLM_TINY,0x07F,TM,347,70,,70
CFDP_META,0x0B3,TC,348,144,,144
HK_TLM_TINY,0x07F,TM,348,70,,70
CFDP_META,0x0B3,TC,349,144,,144
HK_TLM_TINY,0x07F,TM,349,70,,70
CFDP_META,0x0B3,TC,350,144,,144
HK_TLM_TINY,0x07F,TM,350,70,,70
CFDP_META,0x0B3,TC,351,144,,144
HK_TLM_TINY,0x07F,TM,351,70,,70
CFDP_META,0x0B3,TC,352,144,,144
HK_TLM_TINY,0x07F,TM,352,70,,70
CFDP_META,0x0B3,TC,353,144,,144
HK_TLM_TINY,0x07F,TM,353,70,,70
CFDP_META,0x0B3,TC,354,144,,144
HK_TLM_TINY,0x07F,TM,354,70,,70
CFDP_META,0x0B3,TC,355,144,,144
HK_TLM_TINY,0x07F,TM,355,70,,70
CFDP_META,0x0B3,TC,356,144,,144
HK_TLM_TINY,0x07F,TM,356,70,,70
CFDP_META,0x0B3,TC,357,144,,144
HK_TLM_TINY,0x07F,TM,357,70,,70
CFDP_META,0x0B3,TC,358,144,,144
HK_TLM_TINY,0x07F,TM,358,70,,70
CFDP_META,0x0B3,TC,359,144,,144
HK_TLM_TINY,0x07F,TM,359,70,,70
CFDP_META,0x0B3,TC,360,144,,144
HK_TLM_TINY,0x07F,TM,360,70,,70
CFDP_META,0x0B3,TC,361,144,,144
HK_TLM_TINY,0x07F,TM,361,70,,70
CFDP_META,0x0B3,TC,362,144,,144
HK_TLM_TINY,0x07F,TM,362,70,,70
CFDP_META,0x0B3,TC,363,144,,144
HK_TLM_TINY,0x07F,TM,363,70,,70
CFDP_META,0x0B3,TC,364,144,,144
HK_TLM_TINY,0x07F,TM,364,70,,70
CFDP_META,0x0B3,TC,365,144,,144
HK_TLM_TINY,0x07F,TM,365,70,,70
CFDP_META,0x0B3,TC,366,144,,144
HK_TLM_TINY,0x07F,TM,366,70,,70
CFDP_META,0x0B3,TC,367,144,,144
HK_TLM_TINY,0x07F,TM,367,70,,70
CFDP_META,0x0B3,TC,368,144,,144
HK_TLM_TINY,0x07F,TM,368,70,,70
CFDP_META,0x0B3,TC,369,144,,144
HK_TLM_TINY,0x07F,TM,369,70,,70
CFDP_META,0x0B3,TC,370,144,,144
HK_TLM_TINY,0x07F,TM,370,70,,70
CFDP_META,0x0B3,TC,371,144,,144
HK_TLM_TINY,0x07F,TM,371,70,,70
CFDP_META,0x0B3,TC,372,144,,144
HK_TLM_TINY,0x07F,TM,372,70,,70
CFDP_META,0x0B3,TC,373,144,,144
HK_TLM_TINY,0x07F,TM,373,70,,70
CFDP_META,0x0B3,TC,374,144,,144
HK_TLM_TINY,0x07F,TM,374,70,,70
CFDP_META,0x0B3,TC,375,144,,144
HK_TLM_TINY,0x07F,TM,375,70,,70
CFDP_META,0x0B3,TC,376,144,,144
HK_TLM_TINY,0x07F,TM,376,70,,70
CFDP_META,0x0B3,TC,377,144,,144
HK_TLM_TINY,0x07F,TM,377,70,,70
CFDP_META,0x0B3,TC,378,144,,144
HK_TLM_TINY,0x07F,TM,378,70,,70
CFDP_META,0x0B3,TC,379,144,,144
HK_TLM_TINY,0x07F,TM,379,70,,70
CFDP_META,0x0B3,TC,380,144,,144
HK_TLM_TINY,0x07F,TM,380,70,,70
CFDP_META,0x0B3,TC,381,144,,144
HK_TLM_TINY,0x07F,TM,381,70,,70
CFDP_META,0x0B3,TC,382,144,,144
HK_TLM_TINY,0x07F,TM,382,70,,70
CFDP_META,0x0B3,TC,383,144,,144
HK_TLM_TINY,0x07F,TM,383,70,,70
CFDP_META,0x0B3,TC,384,144,,144
HK_TLM_TINY,0x07F,TM,384,70,,70
CFDP_META,0x0B3,TC,385,144,,144
HK_TLM_TINY,0x07F,TM,385,70,,70
CFDP_META,0x0B3,TC,386,144,,144
HK_TLM_TINY,0x07F,TM,386,70,,70
CFDP_META,0x0B3,TC,387,144,,144
HK_TLM_TINY,0x07F,TM,387,70,,70
CFDP_META,0x0B3,TC,388,144,,144
HK_TLM_TINY,0x07F,TM,388,70,,70
CFDP_META,0x0B3,TC,389,144,,144
HK_TLM_TINY,0x07F,TM,389,70,,70
CFDP_META,0x0B3,TC,390,144,,144
HK_TLM_TINY,0x07F,TM,390,70,,70
CFDP_META,0x0B3,TC,391,144,,144
HK_TLM_TINY,0x07F,TM,391,70,,70
CFDP_META,0x0B3,TC,392,144,,144
HK_TLM_TINY,0x07F,TM,392,70,,70
CFDP_META,0x0B3,TC,393,144,,144
HK_TLM_TINY,0x07F,TM,393,70,,70
CFDP_META,0x0B3,TC,394,144,,144
HK_TLM_TINY,0x07F,TM,394,70,,70
CFDP_META,0x0B3,TC,395,144,,144
HK_TLM_TINY,0x07F,TM,395,70,,70
CFDP_META,0x0B3,TC,396,144,,144
HK_TLM_TINY,0x07F,TM,396,70,,70
CFDP_META,0x0B3,TC,397,144,,144
HK_TLM_TINY,0x07F,TM,397,70,,70
CFDP_META,0x0B3,TC,398,144,,144
HK_TLM_TINY,0x07F,TM,398,70,,70
CFDP_META,0x0B3,TC,399,144,,144
HK_TLM_TINY,0x07F,TM,399,70,,70
CFDP_META,0x0B3,TC,400,144,,144
HK_TLM_TINY,0x07F,TM,400,70,,70
CFDP_META,0x0B3,TC,401,144,,144
HK_TLM_TINY,0x07F,TM,401,70,,70
CFDP_META,0x0B3,TC,402,144,,144
HK_TLM_TINY,0x07F,TM,402,70,,70
CFDP_META,0x0B3,TC,403,144,,144
HK_TLM_TINY,0x07F,TM,403,70,,70
CFDP_META,0x0B3,TC,404,144,,144
HK_TLM_TINY,0x07F,TM,404,70,,70
CFDP_META,0x0B3,TC,405,144,,144
HK_TLM_TINY,0x07F,TM,405,70,,70
CFDP_META,0x0B3,TC,406,144,,144
HK_TLM_TINY,0x07F,TM,406,70,,70
CFDP_META,0x0B3,TC,407,144,,144
HK_TLM_TINY,0x07F,TM,407,70,,70
CFDP_META,0x0B3,TC,408,144,,144
HK_TLM_TINY,0x07F,TM,408,70,,70
CFDP_META,0x0B3,TC,409,144,,144
HK_TLM_TINY,0x07F,TM,409,70,,70
CFDP_META,0x0B3,TC,410,144,,144
HK_TLM_TINY,0x07F,TM,410,70,,70
CFDP_META,0x0B3,TC,411,144,,144
HK_TLM_TINY,0x07F,TM,411,70,,70
CFDP_META,0x0B3,TC,412,144,,144
HK_TLM_TINY,0x07F,TM,412,70,,70
CFDP_META,0x0B3,TC,413,144,,144
HK_TLM_TINY,0x07F,TM,413,70,,70
CFDP_META,0x0B3,TC,414,144,,144
HK_TLM_TINY,0x07F,TM,414,70,,70
CFDP_META,0x0B3,TC,415,144,,144
HK_TLM_TINY,0x07F,TM,415,70,,70
CFDP_META,0x0B3,TC,416,144,,144
HK_TLM_TINY,0x07F,TM,416,70,,70
CFDP_META,0x0B3,TC,417,144,,144
HK_TLM_TINY,0x07F,TM,417,70,,70
CFDP_META,0x0B3,TC,418,144,,144
HK_TLM_TINY,0x07F,TM,418,70,,70
CFDP_META,0x0B3,TC,419,144,,144
HK_TLM_TINY,0x07F,TM,419,70,,70
CFDP_META,0x0B3,TC,420,144,,144
HK_TLM_TINY,0x07F,TM,420,70,,70
CFDP_META,0x0B3,TC,421,144,,144
HK_TLM_TINY,0x07F,TM,421,70,,70
CFDP_META,0x0B3,TC,422,144,,144
HK_TLM_TINY,0x07F,TM,422,70,,70
CFDP_META,0x0B3,TC,423,144,,144
HK_TLM_TINY,0x07F,TM,423,70,,70
CFDP_META,0x0B3,TC,424,144,,144
HK_TLM_TINY,0x07F,TM,424,70,,70
CFDP_META,0x0B3,TC,425,144,,144
HK_TLM_TINY,0x07F,TM,425,70,,70
CFDP_META,0x0B3,TC,426,144,,144
HK_TLM_TINY,0x07F,TM,426,70,,70
CFDP_META,0x0B3,TC,427,144,,144
HK_TLM_TINY,0x07F,TM,427,70,,70
CFDP_META,0x0B3,TC,428,144,,144
HK_TLM_TINY,0x07F,TM,428,70,,70
CFDP_META,0x0B3,TC,429,144,,144
HK_TLM_TINY,0x07F,TM,429,70,,70
CFDP_META,0x0B3,TC,430,144,,144
HK_TLM_TINY,0x07F,TM,430,70,,70
CFDP_META,0x0B3,TC,431,144,,144
HK_TLM_TINY,0x07F,TM,431,70,,70
CFDP_META,0x0B3,TC,432,144,,144
HK_TLM_TINY,0x07F,TM,432,70,,70
CFDP_META,0x0B3,TC,433,144,,144
HK_TLM_TINY,0x07F,TM,433,70,,70
CFDP_META,0x0B3,TC,434,144,,144
HK_TLM_TINY,0x07F,TM,434,70,,70
CFDP_META,0x0B3,TC,435,144,,144
HK_TLM_TINY,0x07F,TM,435,70,,70
CFDP_META,0x0B3,TC,436,144,,144
HK_TLM_TINY,0x07F,TM,436,70,,70
CFDP_META,0x0B3,TC,437,144,,144
HK_TLM_TINY,0x07F,TM,437,70,,70
CFDP_META,0x0B3,TC,438,144,,144
HK_TLM_TINY,0x07F,TM,438,70,,70
CFDP_META,0x0B3,TC,439,144,,144
HK_TLM_TINY,0x07F,TM,439,70,,70
CFDP_META,0x0B3,TC,440,144,,144
HK_TLM_TINY,0x07F,TM,440,70,,70
CFDP_META,0x0B3,TC,441,144,,144
HK_TLM_TINY,0x07F,TM,441,70,,70
CFDP_META,0x0B3,TC,442,144,,144
HK_TLM_TINY,0x07F,TM,442,70,,70
CFDP_META,0x0B3,TC,443,144,,144
HK_TLM_TINY,0x07F,TM,443,70,,70
CFDP_META,0x0B3,TC,444,144,,144
HK_TLM_TINY,0x07F,TM,444,70,,70
CFDP_META,0x0B3,TC,445,144,,144
HK_TLM_TINY,0x07F,TM,445,70,,70
CFDP_META,0x0B3,TC,446,144,,144
HK_TLM_TINY,0x07F,TM,446,70,,70
CFDP_META,0x0B3,TC,447,144,,144
HK_TLM_TINY,0x07F,TM,447,70,,70
CFDP_META,0x0B3,TC,448,144,,144
HK_TLM_TINY,0x07F,TM,448,70,,70
CFDP_META,0x0B3,TC,449,144,,144
HK_TLM_TINY,0x07F,TM,449,70,,70
CFDP_META,0x0B3,TC,450,144,,144
HK_TLM_TINY,0x07F,TM,450,70,,70
CFDP_META,0x0B3,TC,451,144,,144
HK_TLM_TINY,0x07F,TM,451,70,,70
CFDP_META,0x0B3,TC,452,144,,144
HK_TLM_TINY,0x07F,TM,452,70,,70
CFDP_META,0x0B3,TC,453,144,,144
HK_TLM_TINY,0x07F,TM,453,70,,70
CFDP_META,0x0B3,TC,454,144,,144
HK_TLM_TINY,0x07F,TM,454,70,,70
CFDP_META,0x0B3,TC,455,144,,144
HK_TLM_TINY,0x07F,TM,455,70,,70
CFDP_META,0x0B3,TC,456,144,,144
HK_TLM_TINY,0x07F,TM,456,70,,70
CFDP_META,0x0B3,TC,457,144,,144
HK_TLM_TINY,0x07F,TM,457,70,,70
CFDP_META,0x0B3,TC,458,144,,144
HK_TLM_TINY,0x07F,TM,458,70,,70
CFDP_META,0x0B3,TC,459,144,,144
HK_TLM_TINY,0x07F,TM,459,70,,70
CFDP_META,0x0B3,TC,460,144,,144
HK_TLM_TINY,0x07F,TM,460,70,,70
CFDP_META,0x0B3,TC,461,144,,144
HK_TLM_TINY,0x07F,TM,461,70,,70
CFDP_META,0x0B3,TC,462,144,,144
HK_TLM_TINY,0x07F,TM,462,70,,70
CFDP_META,0x0B3,TC,463,144,,144
HK_TLM_TINY,0x07F,TM,463,70,,70
CFDP_META,0x0B3,TC,464,144,,144
HK_TLM_TINY,0x07F,TM,464,70,,70
CFDP_META,0x0B3,TC,465,144,,144
HK_TLM_TINY,0x07F,TM,465,70,,70
CFDP_META,0x0B3,TC,466,144,,144
HK_TLM_TINY,0x07F,TM,466,70,,70
CFDP_META,0x0B3,TC,467,144,,144
HK_TLM_TINY,0x07F,TM,467,70,,70
CFDP_META,0x0B3,TC,468,144,,144
HK_TLM_TINY,0x07F,TM,468,70,,70
CFDP_META,0x0B3,TC,469,144,,144
HK_TLM_TINY,0x07F,TM,469,70,,70
CFDP_META,0x0B3,TC,470,144,,144
HK_TLM_TINY,0x07F,TM,470,70,,70
CFDP_META,0x0B3,TC,471,144,,144
HK_TLM_TINY,0x07F,TM,471,70,,70
CFDP_META,0x0B3,TC,472,144,,144
HK_TLM_TINY,0x07F,TM,472,70,,70
CFDP_META,0x0B3,TC,473,144,,144
HK_TLM_TINY,0x07F,TM,473,70,,70
CFDP_META,0x0B3,TC,474,144,,144
HK_TLM_TINY,0x07F,TM,474,70,,70
CFDP_META,0x0B3,TC,475,144,,144
HK_TLM_TINY,0x07F,TM,475,70,,70
CFDP_META,0x0B3,TC,476,144,,144
HK_TLM_TINY,0x07F,TM,476,70,,70
CFDP_META,0x0B3,TC,477,144,,144
HK_TLM_TINY,0x07F,TM,477,70,,70
CFDP_META,0x0B3,TC,478,144,,144
HK_TLM_TINY,0x07F,TM,478,70,,70
CFDP_META,0x0B3,TC,479,144,,144
HK_TLM_TINY,0x07F,TM,479,70,,70
CFDP_META,0x0B3,TC,480,144,,144
HK_TLM_TINY,0x07F,TM,480,70,,70
CFDP_META,0x0B3,TC,481,144,,144
HK_TLM_TINY,0x07F,TM,481,70,,70
CFDP_META,0x0B3,TC,482,144,,144
HK_TLM_TINY,0x07F,TM,482,70,,70
CFDP_META,0x0B3,TC,483,144,,144
HK_TLM_TINY,0x07F,TM,483,70,,70
CFDP_META,0x0B3,TC,484,144,,144
HK_TLM_TINY,0x07F,TM,484,70,,70
CFDP_META,0x0B3,TC,485,144,,144
HK_TLM_TINY,0x07F,TM,485,70,,70
CFDP_META,0x0B3,TC,486,144,,144
HK_TLM_TINY,0x07F,TM,486,70,,70
CFDP_META,0x0B3,TC,487,144,,144
HK_TLM_TINY,0x07F,TM,487,70,,70
CFDP_META,0x0B3,TC,488,144,,144
HK_TLM_TINY,0x07F,TM,488,70,,70
CFDP_META,0x0B3,TC,489,144,,144
HK_TLM_TINY,0x07F,TM,489,70,,70
CFDP_META,0x0B3,TC,490,144,,144
HK_TLM_TINY,0x07F,TM,490,70,,70
CFDP_META,0x0B3,TC,491,144,,144
HK_TLM_TINY,0x07F,TM,491,70,,70
CFDP_META,0x0B3,TC,492,144,,144
HK_TLM_TINY,0x07F,TM,492,70,,70
CFDP_META,0x0B3,TC,493,144,,144
HK_TLM_TINY,0x07F,TM,493,70,,70
CFDP_META,0x0B3,TC,494,144,,144
HK_TLM_TINY,0x07F,TM,494,70,,70
CFDP_META,0x0B3,TC,495,144,,144
HK_TLM_TINY,0x07F,TM,495,70,,70
CFDP_META,0x0B3,TC,496,144,,144
HK_TLM_TINY,0x07F,TM,496,70,,70
CFDP_META,0x0B3,TC,497,144,,144
HK_TLM_TINY,0x07F,TM,497,70,,70
CFDP_META,0x0B3,TC,498,144,,144
HK_TLM_TINY,0x07F,TM,498,70,,70
CFDP_META,0x0B3,TC,499,144,,144
HK_TLM_TINY,0x07F,TM,499,70,,70
